FID,GlobalID,DESCRIPTIO,LUC_CODE,Shape_STAr,Shape_STLe,Shape__Area,Shape__Length
1,{A3D27111-625C-4564-B78A-02172033C337},PUBLIC USE DISTRICT,PD,8128.01174914,1120.25254921,20537.2109375,1779.88060552269
2,{01F816D8-934C-467C-BF5A-0269C497810E},RESIDENTIAL FAMILY TWO-UNIT DISTRICT,R2,7759.75075608,414.096437439,19633.96875,658.880168490086
3,{DA6543A6-F85E-4E8B-A442-029E2EF27581},RESIDENTIAL COMPREHENSIVE MULTIPLE UNIT DISTRICT,R3,12590.0341786,519.041330214,31874.5546875,825.671677746698
4,{78E9CCCE-7BD2-4919-BC06-032673A04BCB},PUBLIC USE DISTRICT,PD,490.13201358,99.320231203,1240.1875,157.943866868687
5,{54AD9C07-9498-4777-830C-05A322CDB27E},RESIDENTIAL SINGLE FAMILY-DETACHED PLUS DISTRICT,R1B,49453.2448259,1398.47630261,125156.234375,2225.5530256105
6,{E1B14F00-5231-45C9-95EA-05F19183FDD8},GATEWAY COMMERCIAL DISTRICT,GD,149136.844547,4162.10759658,377507.015625,6622.82981800547
7,{E4A42B04-022A-4590-AC05-0624B49CA4FA},COUNTRY INN DIRECT CONTROL DISTRICT,DC-49-96,6442.82998267,385.567493698,16306.359375,613.760512506059
8,{905DAF2D-7D9A-42A7-983B-06D1F25E9758},THREE SISTERS GATEWAY COMMERCIAL DISTRICT,TS-GD,20466.602275,783.112600898,51718.109375,1244.22956452874
9,{03F16A05-48B6-4CC7-B3AE-071CC25BCBED},RESIDENTIAL SINGLE FAMILY-DETACHED DISTRICT,R1,4578.10505592,292.52208687,11583.1484375,465.079784851654
10,{2217733F-218C-4D62-9EF9-07605A03DAC0},RESIDENTIAL SINGLE FAMILY-DETACHED DISTRICT,R1,7079.42271256,392.977522728,17914.84375,625.227425650374
11,{F3C5B37F-3E25-4030-A99D-07AAD150CC97},ENVIRONMENTAL DISTRICT,ED,118497.692182,3039.25175885,299868.671875,4835.76134191711
12,{91397310-BA3B-4B42-A9F0-07FC0DA1CF68},RESIDENTIAL SINGLE FAMILY-DETACHED PLUS WIDE LOT DISTRICT,R1B-W,110559.006799,2854.29332039,279457.359375,4536.45018613121
13,{0ECA6D7D-952B-4FF3-8389-092F1AB200B8},TRANSITION INDUSTRIAL DISTRICT,TID,48865.7901674,1096.30160674,123730.5625,1745.08060035257
14,{26C954ED-D7F2-4A32-A1BD-0A980F81C4B3},RESIDENTIAL FAMILY LOW DENSITY DISTRICT,R2A,1757.54833947,182.461415496,4441.5078125,289.974883281324
15,{D757A915-AE9E-4DF2-BA23-0B82A52ECD55},RESIDENTIAL COMPREHENSIVE MULTIPLE UNIT DISTRICT,R3,11803.4458207,424.584374387,29864.640625,675.334205103236
16,{FB9E8D28-C914-4C31-B4E0-0BF57A9F0A0C},PUBLIC USE DISTRICT,PD,6273.90044324,423.759114338,15880.28125,673.591762336383
17,{A7B1B051-CE59-4003-A3C9-0BFDB3D6D523},BOW VALLEY TRAIL - TEEPEE TOWN COMMERCIAL DISTRICT,BVT-T,28025.2756053,953.173601475,70957.9296875,1516.23038202501
18,{5C45A527-2718-4085-A4B4-0F2E9EEF18A7},STEWART CREEK GOLF COURSE CLUB HOUSE DIRECT CONTROL DISTRICT,DC-17(Z)2005,8893.33681404,481.45978518,22468.859375,765.431737137036
19,{AC6D876F-CB9E-47E6-9EB5-0FB0B6EB71B2},SILVERTIP GOLF COURSE DIRECT CONTROL DISTRICT,DC-20(Z)93,958069.308607,13519.8313876,2426146.40625,21515.898759404
20,{24F7A44A-744F-41E6-89FA-0FF5D115ADCA},KANANASKIS WAY DIRECT CONTROL DISTRICT,DC-2017-30,8413.28800345,398.97044102,21293.1796875,634.748612946504
21,{74F462F5-0FC1-4FDB-AF90-101C35B70B3B},SPRAY VILLAGE DIRECT CONTROL DISTRICT,DC-09-99-Spray,36589.1828524,1035.65650187,92569.6484375,1647.85936279523
22,{CFD6BC24-6C0F-4EF1-B625-10F1D367E89A},RESIDENTIAL SINGLE FAMILY-DETACHED DISTRICT,R1,6847.83031697,456.969635878,17334.6015625,727.307664644811
23,{1E62A01C-AED7-44D0-936F-1169EF3B1119},THREE SISTERS RESORTS DIRECT CONTROL DISTRICT SITE 2A,DC-1(Z)98 Site 2A,23019.527196,696.031199876,58184.3046875,1106.55956553496
24,{4C0F043A-A2E7-4C9D-8BCF-1260F430428D},ENVIRONMENTAL DISTRICT,ED,33698.0272135,1618.89891724,85281.984375,2575.66395866853
25,{CD8219C1-8280-425D-A276-1299552F6FD4},PUBLIC USE DISTRICT,PD,354.148626551,90.9271008601,896.109375,144.551205266751
26,{50227919-EAD5-4315-BB68-133281D6AF8D},ENVIRONMENTAL DISTRICT,ED,24046.7294094,1026.45891221,60768.4296875,1631.46951621434
27,{4AF1450E-7AB6-4D03-A779-138BCAEB10A0},RESIDENTIAL FAMILY LOW DENSITY DISTRICT,R2A,15673.8788097,669.060802138,39655.1953125,1064.8993040031
28,{A60710DB-3CD9-4580-9DF9-15EA2CB7455B},RESIDENTIAL FAMILY LOW DENSITY DISTRICT,R2A,8537.06113901,459.290053939,21602.625,731.108898869396
29,{16266CFD-4639-4806-8307-16E8DD383ACF},RESIDENTIAL COMPREHENSIVE MULTIPLE UNIT DISTRICT,R3,10378.2758601,517.002327459,26260.875,822.366642405803
30,{89667A69-C4D9-40EC-AFCE-188F4C34EA43},PAINTBRUSH RIDGE TSMV COMPREHENSIVE RESIDENTIAL DIRECT CONTROL DISTRICT,DC-05(Z)13,21872.4576792,819.946008195,55280.140625,1303.13028733367
31,{0C8FB4F9-BD72-430F-889F-1A6B6433A4B7},TOWN CENTRE DISTRICT,TC,53982.3201756,1480.45890246,136634.1015625,2353.95912734396
32,{4E0AEFE5-6293-44BB-B3B8-1B1179B6839D},RESIDENTIAL SINGLE FAMILY-DETACHED DISTRICT,R1,46906.4450956,1260.17468345,118704.359375,2005.24738144005
33,{8AD1E1AD-3D5A-4BE9-9FFB-1BD6D7B890C0},RESIDENTIAL SINGLE FAMILY-DETACHED PLUS ENTRY LEVEL LOT DISTRICT,R1B-E,10475.9448237,475.021820133,26475.1015625,755.321099818092
34,{C77870F4-80B0-405F-B98D-1C0EDEEC8667},RESIDENTIAL FAMILY TWO-UNIT DISTRICT,R2,5247.913984,326.451104403,13281.4296875,519.070827311318
35,{6F82D03A-320D-4E5F-8CDF-1E5C944C8B48},RESIDENTIAL SINGLE FAMILY-DETACHED PLUS ENTRY LEVEL LOT DISTRICT,R1B-E,35665.108226,891.348163312,90160.953125,1416.9139202548
36,{E9469481-714C-4A89-B0A6-1E9FE71CEAF9},SILVERTIP RESIDENTIAL SINGLE FAMILY AND TWO UNIT DISTRICT,STR-1,59317.9921464,1122.56696914,150185.078125,1786.46532171211
37,{A2400488-73E2-4CDB-9355-1EA6ADFE4420},RESIDENTIAL FAMILY LOW DENSITY DISTRICT,R2A,19170.2484306,665.797389543,48520,1059.17490707487
38,{C13F7855-9430-4B19-B17C-1EED1BF80658},RESIDENTIAL FAMILY TWO-UNIT DISTRICT,R2,5641.35339917,336.259741364,14279.3125,534.730694584719
39,{C8570026-AE1B-47B0-825C-20B6E6815514},BOW VALLEY TRAIL CENTRAL DISTRICT,BVT-C,207590.293039,3263.69897712,525487.140625,5194.30398882257
40,{09461C3D-CAE2-44A4-86B1-24A20BBD17ED},PUBLIC USE DISTRICT,PD,172333.236746,4731.01938524,435472.34375,7520.64089236407
41,{B88893F9-7570-4BE8-A1D4-24EE735F8190},LOCAL COMMERCIAL DISTRICT,CC,4306.42378063,285.484316841,10898.921875,454.359769370111
42,{838C0DAA-8627-47F0-9DDD-250EE946BEE3},RESIDENTIAL SINGLE FAMILY-DETACHED PLUS DISTRICT – STEWART CREEK,R1B-SC,7699.55063142,413.096518872,19453.3125,656.461855574476
43,{2A015BEE-323A-4405-AA8D-25AC81A83C97},PUBLIC USE DISTRICT,PD,4034.17969261,259.761944952,10215.3828125,413.373006771137
44,{8DA22417-E7BE-4D81-9FC0-25F6F0A26B25},RESIDENTIAL SINGLE FAMILY-DETACHED DISTRICT,R1,13349.9903406,483.62870243,33793.5703125,769.549163741301
45,{946A4E7F-BE11-4086-86CF-263F5C63BC06},ENVIRONMENTAL DISTRICT,ED,37691.9565158,1403.76464172,95241.8359375,2230.13609437776
46,{B2693EFF-5455-4264-A403-269D2440E53F},RESIDENTIAL COMPREHENSIVE MULTIPLE UNIT DISTRICT,R3,17467.1397265,945.680834527,44204.546875,1505.33813629885
47,{B5C1AAF1-913D-44D8-9D51-27861DFF9449},VAN HORNE DIRECT CONTROL DISTRICT,DC2020-14,2744.19831347,212.491562756,6941.015625,338.002415766949
48,{3FE8B1F4-0476-4D9B-8300-28A65C5973E9},RESIDENTIAL COMPREHENSIVE MULTIPLE UNIT DISTRICT,R3,5044.92033732,296.179627393,12769.8671875,471.336563451994
49,{8AFCBDE6-734D-4600-BF00-28A7399EACE3},CONSERVATION OF WILDLANDS DISTRICT,CW,174476.872701,2499.5528786,441767.3828125,3977.29557070307
50,{06F53A54-9945-4AFB-9872-28E3F7028883},THREE SISTERS RESORTS DIRECT CONTROL DISTRICT SITE 2A,DC-1(Z)98 Site 2A,54667.5213963,2310.17405134,138196.4765625,3672.34543724722
51,{5FD24F1A-5B4E-440B-AE68-2918958D545B},PUBLIC USE DISTRICT,PD,14478.5228979,714.100573953,36617.375,1135.50251646698
52,{B2E544F1-D159-4426-B002-29A3CEA64311},TRANSITION BUSINESS DISTRICT,TBD,34993.39199,966.698041095,88592.75,1539.31817710801
53,{243BBF70-5D97-4501-9316-2C5086869228},PUBLIC USE DISTRICT,PD,618.076305402,108.725535397,1564.171875,172.89800911938
54,{637BECC0-5627-44A8-9295-2C60344110C8},PUBLIC USE DISTRICT,PD,932.280878985,200.796234682,2358.296875,319.62372375511
55,{4FB63B93-F457-4055-A94F-2D789BE66BC2},3RD AVENUE SOUTH LAND DIRECT CONTROL DISTRICT,DC,86283.5099947,1261.94772217,218307.09375,2006.32932234936
56,{B7F28618-AC5C-4863-82C7-2DE0399E2D90},PUBLIC USE DISTRICT,PD,9166.29276437,750.581291706,23197.7265625,1193.44774161691
57,{E465E863-0422-40A0-9B2E-2E201402033A},CIVIC CENTRE DIRECT CONTROL DISTRICT,DC-27(Z)2002,6096.80999851,413.855400122,15432.0390625,657.856144853185
58,{91BC2E1E-D5C7-4211-ADAD-2E9FE394FAC0},PUBLIC USE DISTRICT,PD,46975.4672107,1268.45194369,118872.3125,2019.3752639383
59,{EFBD0C72-8FCB-45C0-9775-2ED4A9A9AB9D},PUBLIC USE DISTRICT,PD,18496.5765899,761.389908955,46808.0859375,1211.49034282236
60,{DC34EF39-C3AF-4023-B53F-2FAD5F242171},ENVIRONMENTAL DISTRICT,ED,53714.4326843,2822.68432265,135937.3984375,4491.10318321813
61,{B2C9EF52-4BB9-4E4B-9F22-2FE15379A3A6},RESIDENTIAL FAMILY TWO-UNIT DISTRICT,R2,20603.2356013,584.098389414,52137.4375,929.332017350991
62,{5AE26C6D-C53F-4D6F-A1BD-2FECBFFA588E},PUBLIC USE DISTRICT,PD,7716.74795513,400.369189722,19541.515625,637.560418739249
63,{A6961F2C-3AAE-4581-8AF2-2FFBF7DDD308},PUBLIC USE DISTRICT,PD,2384.93747098,232.712398955,6037.296875,370.110058695919
64,{DD25D252-C459-4CFA-8494-325A4F392281},RESIDENTIAL FAMILY TWO-UNIT DISTRICT,R2,33845.8295359,1102.42276972,85654.6171875,1754.15812189135
65,{22F2B2FF-107F-41F8-AFDA-32B4BB9835D7},CANMORE COLLEGIATE SCHOOL DIRECT CONTROL DISTRICT,DC-6(Z)93,39522.2108209,1104.11730815,100073.0390625,1756.3758976246
66,{3479FD6D-8819-4B6D-8612-3386FBACFC29},ENVIRONMENTAL DISTRICT,ED,42554.442341,2264.63876935,107659.4609375,3602.33566017192
67,{3164BD93-3ACF-4C32-BE84-3447AACE8CBA},PUBLIC USE DISTRICT,PD,3699.09274688,395.057706793,9349.3046875,628.228489808551
68,{E6707223-782C-417B-85E6-354614849768},TS-RC THREE SISTERS RESORT DIRECT CONTROL DISTRICT,DC-27(Z)2006,163645.49657,1782.31831403,413754.859375,2834.05788482736
69,{39087A24-F0AE-4BC9-9CED-361880A03244},PUBLIC USE DISTRICT,PD,1350.6763245,146.985252019,3417.109375,233.81281369907
70,{6C4D9BC1-A5A5-479A-AB3C-3623BFC2E1C2},RESIDENTIAL SINGLE FAMILY-DETACHED PLUS DISTRICT,R1B,6525.58847774,340.940279325,16502.71875,542.184540360633
71,{5C29E830-5A7B-4B5E-9361-3628FF89A1AC},PUBLIC USE DISTRICT,PD,14837.9346655,729.482274503,37552.4921875,1160.69416939952
72,{E979D8D4-0F37-4FBC-B2F3-36EB400F1E96},SOUTHERN BUSINESS DISTRICT,SB,306280.053384,3077.42784255,774888.625,4895.00198015448
73,{6B4D4325-80F4-4081-A224-3747A365F68D},RESIDENTIAL COMPREHENSIVE MULTIPLE UNIT DISTRICT,R3,28097.9402509,1009.54348816,71006.90625,1604.58031793638
74,{79563B2F-1802-4E0E-A471-37496EAE8C74},MINE MANAGERS HOUSE DIRECT CONTROL DISTRICT,DC-29(Z)86,7424.8874452,437.719254479,18792.1171875,695.984032745421
75,{8216F06E-4E64-48F2-83B6-392D55EB6155},THREE SISTERS RESORTS DIRECT CONTROL DISTRICT SITE 9,DC-1(Z)98 Site 9,1771474.2544,7942.36272516,4472954.7890625,12614.1140829314
76,{8E5A0F10-270F-4555-AC51-3939BC811225},EMPLOYEE HOUSING DISTRICT,EHD,91703.0467034,1858.67489383,232239.7109375,2957.51719857398
77,{4A1BA311-82A8-4747-A997-393E8109D5F9},BOW VALLEY TRAIL GENERAL DISTRICT,BVT-G,241695.563087,2493.91947737,612056.71875,3969.12304673765
78,{A3E8EDA2-C846-4223-B74E-3A97B77D31E5},PUBLIC USE DISTRICT,PD,47177.2103296,1013.41365963,119399.4765625,1611.42345703116
79,{E830FF90-771C-4A72-9922-3AE75D57813C},RESIDENTIAL FAMILY LOW DENSITY DISTRICT,R2A,7043.82260985,442.152583266,17827.3671875,704.004573819665
80,{61515C1F-5A1C-4C16-A117-3BDD886862E7},GENERAL INDUSTRIAL DISTRICT,IND 2,51855.0042501,941.180624726,131182.3125,1497.14626723266
81,{6E53DEB6-151C-4D64-A330-3C176D80AE0A},RESIDENTIAL SINGLE FAMILY-DETACHED PLUS DISTRICT,R1B,20223.4419676,775.959044845,51145.53125,1233.84945593982
82,{37AD8BFA-0435-441F-B299-3C501176209D},RESIDENTIAL COMPREHENSIVE MULTIPLE UNIT DISTRICT,R3,7187.74230777,364.569506226,18194.6875,580.05700298442
83,{0F25AF8C-D598-4D24-8AA6-3CFB251A91CB},ENVIRONMENTAL DISTRICT,ED,19336.4506414,1083.66329398,48906.390625,1722.93509957902
84,{44910C3A-0696-4E95-96BC-3F5265D5673F},RESIDENTIAL SINGLE FAMILY-DETACHED PLUS WIDE LOT DISTRICT,R1B-W,19532.0314989,834.231264146,49375.5546875,1326.29155952972
85,{BFB0AAAC-F269-4516-A5C8-4179A5B8E7AC},ENVIRONMENTAL DISTRICT,ED,3133.30399146,275.073493004,7931.15625,437.785968782255
86,{E61A6C32-1726-4337-A12C-4268E6DBF38F},THREE SISTERS RESORTS DIRECT CONTROL DISTRICT SITE 4,DC-1(Z)98 Site 4,42464.1393415,1015.14050142,107324.359375,1613.7910075775
87,{D4889C95-7444-471E-8BF9-42EBF39C54E4},RESIDENTIAL COMPREHENSIVE MULTI UNIT STEWART CREEK DISTRICT,R3-SC1,59344.3511797,1195.57691673,149950.171875,1900.35324230572
88,{64E261BD-A92B-4734-93E5-43C2231DC484},THREE SISTERS GATEWAY COMMERCIAL DISTRICT,TS-GD,76859.4690882,1370.36721275,194240.2421875,2177.45046757205
89,{7096BA44-686D-42D7-9E73-45B26AFF1206},GRD THREE SISTERS CREEK GOLF COURSE AND RECREATION AREA DIRECT CONTROL DISTRICT,DC-36(Z)2004,1010467.06003,5396.14404661,2554217.6640625,8579.10627086142
90,{FBA7653A-81D1-4B48-8A15-4653B54FAC8C},"RESIDENTIAL LOW DENSITY, STEWART CREEK DISTRICT",R2A-SC,74173.6279984,1421.91146756,187410.5078125,2259.93649483166
91,{4BEC217E-3A20-46DA-9CF2-4828F406F650},RESIDENTIAL SINGLE FAMILY-DETACHED DISTRICT,R1,91694.0024896,2732.27845019,232112,4348.05188428774
92,{B7CA1027-B856-419D-9A55-489293EE7EB8},RESIDENTIAL FAMILY TWO-UNIT DISTRICT,R2,13891.6659234,612.703564723,35149.65625,974.452909534534
93,{96743BC7-C4CA-4856-9106-48EA20201837},PUBLIC USE DISTRICT,PD,17851.6709159,543.327055246,45185.4921875,864.409428217473
94,{C7BC9ECE-A78A-4E59-9E79-48F7305DD0BC},RESIDENTIAL FAMILY LOW DENSITY DISTRICT,R2A,6844.57380944,417.104671908,17325.8828125,663.260909638846
95,{7938BAC5-EA5C-4097-8459-49673DCD5CF9},THREE SISTERS RESORTS DIRECT CONTROL DISTRICT SITE 2A,DC-1(Z)98 Site 2A,18369.050609,571.064669976,46425.0703125,907.867101454657
96,{B30B9181-F2FA-4C7D-811B-4974A42DC050},RESIDENTIAL COMPREHENSIVE MULTIPLE UNIT DISTRICT,R3,8202.80687857,418.970084635,20756.0546875,666.544743945354
97,{DC412626-6363-4AD3-8151-49CB0DD84EB6},PUBLIC USE DISTRICT,PD,243.494274031,94.2269059284,615.8984375,149.70785660865
98,{3D00CF2C-A77B-4754-8A84-4E687288041B},PUBLIC USE DISTRICT,PD,7890.87713692,473.747080384,19966.8984375,754.083845720612
99,{D7BC5A47-7F88-4356-8B59-5187349AB89C},SPRING CREEK MOUNTAIN VILLAGE COMPREHENSIVE RESIDENTIAL DIRECT CONTROL DISTRICT,DC-SCMV-CR,133451.615221,3123.61408862,337692.296875,4969.00316785211
100,{2DCC4375-9046-4CBE-BCFD-51DFC7890882},PUBLIC USE DISTRICT,PD,2912.94836725,215.007838603,7372.8984375,342.049655522784
101,{2247A086-D353-4DCB-99E9-52D0568F5DE4},RESIDENTIAL SINGLE FAMILY-DETACHED DISTRICT,R1,111703.625249,3167.30805311,282548.515625,5037.72578983764
102,{E25E9758-D582-44DB-9084-52FCFB3734E5},RESIDENTIAL FAMILY LOW DENSITY DISTRICT,R2A,20825.4334839,790.4622526,52668.2734375,1257.04629515562
103,{DACAB715-DCFE-4DAE-ACAB-538F616268EB},PUBLIC USE DISTRICT,PD,694.211393875,110.424786664,1756.6484375,175.622306671723
104,{63A0E2A0-2D5B-4F41-8F48-5393CF008F9B},PUBLIC USE DISTRICT,PD,46048.1853471,1487.81354978,116571.3671875,2367.70566859323
105,{4277150E-7462-4CC6-BAC5-53C8AAAE92FF},ENVIRONMENTAL DISTRICT,ED,14539.8459378,1045.20869343,36747.6640625,1660.95734255845
106,{5D97E3C0-3CE4-43CF-9C29-540BCDB276DE},RESIDENTIAL COMPREHENSIVE MULTIPLE UNIT DISTRICT,R3,4757.55628402,340.561064194,12036.875,541.818221181905
107,{977894C0-E560-447E-8621-5486F6781BFB},ENVIRONMENTAL DISTRICT,ED,6125.08221096,483.636059456,15485.875,768.504465860702
108,{28522502-7A3F-4828-A1C8-566684FA17A5},VAN HORNE DIRECT CONTROL DISTRICT,DC2020-14,12862.2961901,514.924880231,32533.6015625,818.970480403597
109,{8F9B0735-2F60-40AB-BB3D-56DEE084AE8F},RESIDENTIAL SINGLE FAMILY-DETACHED PLUS DISTRICT – STEWART CREEK,R1B-SC,4423.85577176,289.234202539,11177.5546875,459.819863037891
110,{4DBF8FA3-AFA0-45A4-B533-5776FD4B3125},MULTIPLEX DISTRICT,DC-23(Z)2010,20838.4147205,1128.70319517,52741.5078125,1796.06667079123
111,{D7AF955E-CF5B-4666-9C6A-57A2ED6A7FA3},SILVERTIP GOLF COURSE DIRECT CONTROL DISTRICT,DC-20(Z)93,7809.47722449,434.675612867,19779.2109375,691.382635308849
112,{8038094D-CA2B-4D3A-9A05-5AD3B3363924},PALLISER MOUSTACHE RENTAL APARTMENT DIRECT CONTROL DISTRICT,DC-2016-23,17039.2722197,518.278378529,43138.984375,824.76293038204
113,{1E532969-0035-44B3-8D6F-5B34688272F9},PEAKS LANDING DIRECT CONTROL DISTRICT,DC-2018-14,3474.76398518,256.799254025,8788.4921875,408.342117850227
114,{C808FE43-0B51-4A08-BF24-5B3CD907527E},PUBLIC USE DISTRICT,PD,21140.2542191,1025.62082925,53423.0234375,1630.235559746
115,{335D74AF-5304-465E-B59B-5B6221895553},ENVIRONMENTAL DISTRICT,ED,9304.22868261,699.42150853,23549.875,1112.78348578542
116,{D08B3DF1-8510-4CC5-912F-5C0BE7E47D47},PUBLIC USE DISTRICT,PD,18730.7021043,1632.53084249,47377.734375,2597.12396384188
117,{538F1772-7E6D-4009-AB46-5C6E8DF55F0E},ENVIRONMENTAL DISTRICT,ED,171950.452842,5708.1878921,435092.265625,9081.88256993987
118,{CF6C3629-D81C-4A72-A480-5CFF9AA18651},RESIDENTIAL COMPREHENSIVE MULTIPLE UNIT DISTRICT,R3,9866.39773013,481.299452284,24973.1171875,766.189252091257
119,{973BEF93-28AA-4F58-A783-5EEC89ACC8D5},FUTURE DEVELOPMENT DISTRICT,FD,44682.7757255,1119.58154374,113051.8671875,1781.7510242759
120,{148FAC23-2232-4FF9-A7B1-5F2895108443},RESIDENTIAL SINGLE FAMILY-DETACHED DISTRICT,R1,11673.4353099,495.579108795,29541.8125,788.39265234893
121,{70749F87-CD43-4BAD-A754-5F4A65A67360},PUBLIC USE DISTRICT,PD,38542.4756929,752.021090609,97537.6015625,1195.97655111001
122,{6AB014E9-54DB-4B46-937D-5FBEB9F6EDB3},RESIDENTIAL COMPREHENSIVE MULTIPLE UNIT DISTRICT,R3,5853.98979026,316.341937274,14815.421875,503.205612850338
123,{F921D4C3-AE85-48B2-A25C-608CDC610FFC},ENVIRONMENTAL DISTRICT,ED,46882.1892729,2156.54452591,118643.4375,3431.88215907353
124,{61C967E3-C3AC-40AF-89FE-60FD72EDA0F0},STEWART CREEK GOLF COURSE RESORT ACCOMODATION COMPREHENSIVE DIRECT CONTROL DISTRICT,DC-23(Z)2013,20009.998289,746.249902357,50556.1796875,1186.5698494118
125,{C791736B-A7B3-435F-B719-619F96E079F1},RESIDENTIAL SINGLE FAMILY-DETACHED DISTRICT,R1,51368.3836421,972.275760368,130075.109375,1547.74466560181
126,{984AD8C6-4138-4B20-9B42-61AB167B93D6},SILVERTIP TRAIL DIRECT CONTROL DISTRICT,DC-09-99-Silvertip,60687.3454841,1026.52209721,153637.3984375,1632.8478772803
127,{C475CA05-070D-4CEC-BDF2-62B928FDA09A},COAST APARTMENT DIRECT CONTROL DISTRICT,DC-2015-25,6287.12930452,363.0932159,15912.46875,577.559740676228
128,{9D1A8AF2-5B8B-422E-80EE-62D49EEC178D},FUTURE DEVELOPMENT DISTRICT,FD,399187.986234,5382.68133579,1009866.296875,8563.02823249962
129,{E236FD6D-B3AE-4119-8B2B-62D8A31AD8A2},RESIDENTIAL COMPREHENSIVE MULTIPLE UNIT DISTRICT,R3,13955.7409836,511.590086358,35321.90625,813.805031730344
130,{E7763EAA-D3A8-45D5-8A10-63FDFD976EBB},RESIDENTIAL FAMILY LOW DENSITY DISTRICT,R2A,2571.18688192,203.336003985,6502.9921875,323.326875383812
131,{7FBA4AB5-3385-4F9D-82AE-64383B5CFD26},RESIDENTIAL FAMILY TWO-UNIT DISTRICT,R2,10132.6446638,561.646290574,25659.703125,893.679460249315
132,{3AE7FA97-D574-42DA-B7FC-64FDE9B11938},PUBLIC USE DISTRICT,PD,1596.71781415,175.301348878,4040.5234375,278.857990425629
133,{980DE2D3-32ED-44C2-B215-65C4C23AA5D7},LOCAL COMMERCIAL DISTRICT,CC,5196.54276938,290.564282234,13133.9296875,461.815210379778
134,{F8A2D40E-05D3-4BF2-910E-685AF62B4595},NATURAL PARK DISTRICT,NP,1023559.00554,5796.09528721,2589190.0390625,9213.34172286422
135,{6F8E585F-0CBE-4F15-8A0B-695C70F38163},PUBLIC USE DISTRICT,PD,4413.65504837,323.095319129,11171.71875,513.637656710282
136,{E528D297-A4ED-4B4A-8B35-69CA29821552},THREE SISTERS RESORTS DIRECT CONTROL DISTRICT SITE 7,DC-1(Z)98 Site 7,972902.741766,5876.23100898,2457329.984375,9338.4325729687
137,{8AC459C5-AFE2-48FE-BB07-69DE3CFE2566},RESIDENTIAL COMPREHENSIVE MULTIPLE UNIT DISTRICT,R3,20526.7996853,865.886231763,51881.3125,1376.57495714296
138,{D230364D-A33E-4D58-BCCE-6A2EE278DCC3},FUTURE DEVELOPMENT DISTRICT,FD,549983.64326,4783.19248777,1392913.1015625,7613.3612363432
139,{3976A1C1-2B33-407F-9BC6-6A47DED4DDEA},PUBLIC USE DISTRICT,PD,42102.1659933,3238.15028453,106479.0703125,5149.74970250244
140,{FEAEE8C2-B6D7-4F0B-8750-6B2E525CF76A},SILVERTIP RESIDENTIAL SINGLE FAMILY AND TWO UNIT DISTRICT,STR-1,73322.6986696,1356.32322844,185642.734375,2159.11650542365
141,{9A4857EA-57E3-4046-A518-6BB8EFE1C549},PUBLIC USE DISTRICT,PD,445.936111127,177.902636505,1127.1015625,282.932614225229
142,{CA01786F-8953-41EE-A77C-6D1B0615AB5E},7TH STREET & 7TH AVENUE DIRECT CONTROL DISTRICT,DC-2016-28,3825.27299744,250.221527322,9681.84375,398.002926064537
143,{A273A30E-1894-4F4B-B9B2-6D7892F839FC},RESIDENTIAL COMPREHENSIVE MULTIPLE UNIT DISTRICT,R3,7119.83087194,383.098210612,18014.359375,609.068568660174
144,{569743C5-98D8-4344-8FC8-6DB85918D300},LOCAL COMMERCIAL DISTRICT,CC,9105.71411122,389.156836126,23045.71875,619.118695848707
145,{33CE5026-4A64-4398-8838-734B5229D67D},PALLISER PERPETUALLY AFFORDABLE HOUSING APARTMENT DIRECT CONTROL DISTRICT,DC-03(Z)2008,18454.4170654,643.167061897,46727.4765625,1022.88949031763
146,{51DC6DB8-522D-450F-A418-740B8953C413},ENVIRONMENTAL DISTRICT,ED,211514.736536,6336.67102437,535388.640625,10082.2392866563
147,{598571E2-163E-4B7E-8AA4-76A6CC1AB1A4},SEVENTH STREET DIRECT CONTROL DISTRICT,DC-09-99-Seventh,8983.52847844,447.349094742,22737.4765625,711.194703563999
148,{F076509D-CB9F-4E72-83A4-779509A50848},RESIDENTIAL SINGLE FAMILY-DETACHED DISTRICT,R1,13851.1090846,915.951063566,35048.875,1458.25138038511
149,{CDC1772E-9D23-46E9-8DA6-7819DBDEC49E},PUBLIC USE DISTRICT,PD,7480.24226181,710.555413016,18928.40625,1130.15017443916
150,{3456B56C-0C1A-4B62-90DD-783EBE60C16D},PALLISER ATTAINABLE HOUSING APARTMENT DIRECT CONTROL DISTRICT,DC-04(Z)2009,10586.5416139,478.965412975,26806.4375,761.841730747122
151,{7F990F52-2AD5-4409-BA38-78DAC5FB9456},PUBLIC USE DISTRICT,PD,1253.86278632,167.749016696,3173.4453125,266.84661569255
152,{FF7F11BE-5FC8-4134-872C-7AD2BA9B04EA},THREE SISTERS RESORTS DIRECT CONTROL DISTRICT SITE 2A,DC-1(Z)98 Site 2A,127625.082833,1782.12559563,322488.15625,2833.63167657468
153,{8610C3F4-2139-475A-8C49-7D8428183C32},PUBLIC USE DISTRICT,PD,138853.75987,4070.76576737,351085.296875,6471.61361200528
154,{AA9A1DB4-1722-4A34-BBC2-7DFA7D3520DE},PUBLIC USE DISTRICT,PD,2668.31895904,214.222126285,6750.8125,340.717882164101
155,{2446BC02-9DA9-4690-8340-7EDE7F0DEDCD},PUBLIC USE DISTRICT,PD,23237.579844,1676.50192326,58740,2665.25935783975
156,{CBB3F82D-AFBC-4049-9A4A-7EFE77982930},MORAINE ROAD SINGLE FAMILY-DETACHED NARROW LOT RESIDENTIAL DISTRICT,R1NM,29422.1923855,878.447083599,74442.796875,1396.4111307752
157,{2DD7CD19-2C79-45F3-931C-7F1B494050C3},PUBLIC USE DISTRICT,PD,3666.45733327,272.587687547,9278.0546875,433.755482018391
158,{029ECECA-1D7C-4EF5-86EC-809A83A476FD},RESIDENTIAL COMPREHENSIVE MULTIPLE UNIT DISTRICT,R3,25381.5687515,789.364150352,64198.8046875,1255.73813155904
159,{F8FA78F2-3DCC-47B9-97C0-80F00B61B927},RESIDENTIAL SINGLE FAMILY-DETACHED DISTRICT,R1,64580.7564829,1792.40323852,163535.078125,2851.68916607095
160,{B985908A-A6AE-44B7-A0D9-822CE72813F6},PUBLIC USE DISTRICT,PD,52790.2949175,1083.48331676,133636.5,1724.73947616506
161,{3E980BEF-120C-41CF-A39C-836D03992027},LIGHT INDUSTRIAL DISTRICT,IND 1,6704.82408057,373.90157303,16963.4765625,594.925696916168
162,{AE386005-ED7A-4577-9C84-83E805D775E1},RESIDENTIAL SINGLE FAMILY-DETACHED PLUS DISTRICT,R1B,33017.6272111,1039.6366977,83542.9453125,1652.95549055854
163,{1E242D35-9977-4A60-B1B9-8410480D46B8},RESIDENTIAL SINGLE FAMILY-DETACHED DISTRICT,R1,234975.528878,3371.7780838,594640.1328125,5363.6170972219
164,{0980E44E-739B-4149-B301-8508D95A8777},RESIDENTIAL COMPREHENSIVE MULTIPLE UNIT DISTRICT,R3,37708.5891114,921.643235609,95503.765625,1465.84777706543
165,{9250079D-7147-4BBD-B515-8533DB7B3214},PUBLIC USE DISTRICT,PD,361.567139293,99.5557102835,914.953125,158.320175575209
166,{1E383D24-6774-45B4-A8EE-85F2D27D2E32},ENVIRONMENTAL DISTRICT,ED,68332.250829,2965.44662457,172991.359375,4718.99858521942
167,{2A4A7081-072F-4EE9-AB9A-8677411DDBD7},PEAKS LANDING DIRECT CONTROL DISTRICT,DC-2018-14,2690.8101019,213.082803222,6805.609375,338.814533499052
168,{45DF3CF2-B625-43C0-A58B-8728CD54F73A},LIGHT INDUSTRIAL DISTRICT,IND 1,37060.9857653,1052.11608841,93758.75,1674.23091926742
169,{6E52C2CC-F686-4E12-BB31-879A399B0BDB},RESIDENTIAL MEDIUM DENSITY DISTRICT,R4,3769.80312473,258.529918882,9533.484375,411.016564692106
170,{9CAEF632-DA5A-4790-A64A-8D8F3BCB82C8},RESIDENTIAL COMPREHENSIVE MULTIPLE UNIT DISTRICT,R3,11628.1264194,496.62943167,29432.421875,790.228364724638
171,{D9446F60-E2A1-4474-AF80-8DAA11A197AC},FUTURE DEVELOPMENT DISTRICT,FD,52284.7193455,1277.8770199,132168.2265625,2032.52353044133
172,{9BC94B03-69E8-4800-B427-8DD190B3926C},RESIDENTIAL FAMILY LOW DENSITY DISTRICT,R2A,1999.50047761,184.744895105,5059.359375,293.816436341676
173,{C33FD055-F9EE-460C-84FF-8E3228D2C802},BRIDGE ROAD TOWNHOUSE DIRECT CONTROL DISTRICT,DC-26(Z)86,2405.47719662,200.41104312,6087.6875,318.926469760465
174,{62A388B8-FA92-4015-B067-8F71CACC71B5},PUBLIC USE DISTRICT,PD,319.503618946,83.9180108433,808.515625,133.400724577321
175,{F876EE9C-2893-42F5-A023-914C9306DDB0},SPRING CREEK MOUNTAIN VILLAGE COMPREHENSIVE RESIDENTIAL DIRECT CONTROL DISTRICT,DC-SCMV-CR,6687.23206094,343.205745149,16923.828125,545.92536362426
176,{F0ECB6C9-7887-4F14-9DDA-91ACB32565AB},RESIDENTIAL SINGLE FAMILY-DETACHED PLUS WIDE LOT DISTRICT,R1B-W,21700.8706884,687.335023611,54884.8046875,1092.73485603782
177,{B1D27A79-F885-4697-9F13-92243B5294DE},PUBLIC USE DISTRICT,PD,296.140626945,79.2304161901,749.4921875,126.000743366917
178,{61697D88-946D-4AEB-B093-92774A96D383},RESIDENTIAL COMPREHENSIVE MULTIPLE UNIT DISTRICT,R3,70660.6439273,1420.52832742,178953.171875,2260.42818306918
179,{302881DF-886E-4F81-B966-934A04B7EDB1},ENVIRONMENTAL DISTRICT,ED,41.8741017635,41.5768532665,105.953125,66.0581242879447
180,{B0BCF999-2573-4267-93ED-93F77D1CF02C},ENVIRONMENTAL DISTRICT,ED,45124.4964101,1432.94799113,114253.5625,2280.31842315009
181,{3D48B480-CCB6-4895-99D8-968F54098F78},FUTURE DEVELOPMENT DISTRICT,FD,978829.932488,12449.8400137,2477776.421875,19807.8855586006
182,{00723D2A-2E1E-421F-BA56-96E24EE3153D},THREE SISTERS RESORTS DIRECT CONTROL DISTRICT SITE 2B,DC-1(Z)98 Site 2B,5332.78107765,348.444206319,13473.5078125,554.021937913253
183,{17E45259-BC3E-48A7-8F4E-978C2F948B81},RESIDENTIAL SINGLE FAMILY-DETACHED DISTRICT,R1,56574.0672215,1431.44862967,143151.8671875,2277.00352423404
184,{464EBEFA-837C-4DF5-8236-981D21BE671F},RESIDENTIAL SINGLE FAMILY-DETACHED DISTRICT,R1,252707.804225,3984.11603503,639492.578125,6337.75058647072
185,{A95A6E82-3C59-49FB-8114-99AE2DEAEE3B},RESIDENTIAL APARTMENT DISTRICT,R5,8118.84705911,391.594664052,20543.9140625,622.936223576272
186,{400E5A6A-B8D9-47DE-9257-9A2712C57927},THREE SISTERS RESORTS DIRECT CONTROL DISTRICT SITE 1,DC-1(Z)98 Site 1,228944.136338,2603.83157472,578897.140625,4139.50109022095
187,{0AC22D33-79CA-4D0D-83CF-9AFE7BBFF19B},PUBLIC USE DISTRICT,PD,10943.9029651,591.586797266,27715.6640625,941.351779743417
188,{DAB4FC94-061E-4357-AE37-9BB2400D088E},RESIDENTIAL SINGLE-FAMILY DETACHED DIRECT CONTROL DISTRICT,DC-18(Z)2009,1229.12664075,141.584168043,3111.921875,225.326265378785
189,{BA807FBD-54BD-4889-B93A-9CCB450A750D},PUBLIC USE DISTRICT,PD,7170.64145759,433.676117563,18151.9140625,689.921104602413
190,{B0CF3790-9E05-4A54-B502-9D824F131027},RESIDENTIAL FAMILY LOW DENSITY DISTRICT,R2A,5906.07509318,327.163186082,14947.421875,520.465047399527
191,{0F9F5ADC-C00D-4E64-B622-9DC60D001377},PUBLIC USE DISTRICT,PD,37889.1668901,1655.8803121,95867.328125,2634.78861895364
192,{EA8A51FD-D18A-485B-A50D-9EFCF6FD320F},PUBLIC USE DISTRICT,PD,25269.5079049,746.848498334,63977.4921875,1187.96358556605
193,{C6317133-47B8-4351-BFE2-9FBA57647E8A},PUBLIC USE DISTRICT,PD,74030.2527543,1097.9941776,187401.34375,1746.83268443756
194,{2FA6741F-1B53-4E6E-BCF5-A00EFF2760DD},PUBLIC USE DISTRICT,PD,325.992477458,140.392755292,824.5,223.117037229131
195,{A3243407-3610-438C-B774-A0A242B36672},PUBLIC USE DISTRICT,PD,579.164606669,108.131041102,1465.6171875,171.938000856118
196,{2DC40398-B854-48E6-92FA-A0E25ED49FE2},RESIDENTIAL FAMILY TWO-UNIT DISTRICT,R2,6200.55231721,365.884949707,15695.5234375,582.299364193147
197,{7496DEB6-8634-45B5-89C0-A29EC0865109},PUBLIC USE DISTRICT,PD,4346.368644,297.15765983,10998.9140625,472.943292944003
198,{4AD1AA57-E92F-4508-A6B6-A31E055BF060},RESIDENTIAL COMPREHENSIVE MULTIPLE UNIT DISTRICT,R3,24384.8265414,746.141404719,61726.9609375,1187.20537566246
199,{5A9BB8EC-FEA0-4461-8BE2-A3531BFE896D},RESIDENTIAL FAMILY LOW DENSITY DISTRICT,R2A,12382.4940249,649.35493174,31317.2421875,1032.61889953087
200,{0ADAE2A2-5320-40B4-BB42-A3F370EF1045},THREE SISTERS RESORTS DIRECT CONTROL DISTRICT SITE 1A,DC-1(Z)98 Site 1A,70583.8921962,1351.32181229,178476.1484375,2149.08190458746
201,{45D50166-F0AA-456C-8E86-A4929CF8B923},THREE SISTERS RESORT ACCOMODATION DISTRICT,TS-RA1,178486.708107,1770.76874449,451198.390625,2814.8466679958
202,{665CDABC-B95B-4557-A7D7-A4E0B361FF3B},PUBLIC USE DISTRICT,PD,19818.9766848,992.737995413,50092.7109375,1578.08044585128
203,{3FF6388C-3883-4777-8A78-A52339D8A046},RESIDENTIAL SINGLE FAMILY-DETACHED DISTRICT,R1,65215.1222563,1146.03916564,165067,1823.18846219823
204,{0CB21A8C-5AB4-4D4B-876D-A55995070954},RESIDENTIAL FAMILY TWO-UNIT DISTRICT,R2,55916.4412546,1699.64191116,141503.6484375,2704.75771018197
205,{F9B87D32-532D-4736-91F6-A66B942F7C49},RESIDENTIAL FAMILY TWO-UNIT DISTRICT,R2,10522.7150258,502.612115734,26628.234375,798.928117233679
206,{3474E22D-3758-4FED-8DCA-A77BEBBF9F8B},LOCAL COMMERCIAL DISTRICT,CC,2251.85024035,234.521607502,5695.03125,372.874012659608
207,{8E78AE32-645F-48D2-A5B9-ACBDD8237A51},RESIDENTIAL SINGLE FAMILY-DETACHED DISTRICT,R1,8217.39459675,431.586126566,20790.796875,686.787411363863
208,{BF34FDCA-D1E3-454D-BFAF-AD21DC95A209},RESIDENTIAL SINGLE FAMILY-DETACHED DISTRICT,R1,126153.605772,1623.77875432,319476.7265625,2584.11256976919
209,{B7E09DA3-3E94-435A-92D3-ADB507A167D2},THREE SISTERS DRIVE-NUWEST TOWNHOUSE DIRECT CONTROL DISTRICT,DC-41-1980,9983.65748954,420.56526111,25262.890625,669.198296286565
210,{89705DBC-3AA1-415C-9A95-AE5B698EEFB5},TOWN CENTRE CREEKSIDE DIRECT CONTROL DISTRICT,TCC(DC),788.805631953,133.135045503,1996.546875,211.973621562054
211,{0CB1C8A0-CDFD-4805-B066-AE933CC6A865},RESIDENTIAL SINGLE FAMILY-DETACHED DISTRICT,R1A,122632.914,2905.77249423,310413.6953125,4622.91197351733
212,{4E87EF5E-8AF7-49E1-8D10-AF89ECA53266},THREE SISTERS RESORTS DIRECT CONTROL DISTRICT SITE 6,DC-1(Z)98 Site 6,39337.8437721,1521.93757283,99389.296875,2418.94758779802
213,{BEFB5199-D314-44BD-86E6-B0927A1D5902},RESIDENTIAL COMPREHENSIVE MULTIPLE UNIT DISTRICT,R3,12061.5521575,461.462792906,30540.921875,734.601249313993
214,{49644920-4AAF-4905-A153-B09636D43485},SILVERTIP GOLF COURSE DIRECT CONTROL DISTRICT,DC-14(Z)95,32704.0930041,1012.74877045,82833.140625,1610.28391331874
215,{AB3BE34D-643F-4DC6-B574-B3A70DEBA12A},COMMERCIAL RESORT DISTRICT,CRD,39408.2551565,942.964248884,99660.4921875,1499.69873596833
216,{771A771F-D00A-490A-929A-B3D967757954},PUBLIC USE DISTRICT,PD,885.377967503,184.627497286,2240.59375,293.837834614813
217,{BFE2FA7B-342E-4004-AB3B-B5002A29668F},RESIDENTIAL FAMILY LOW DENSITY DISTRICT,R2A,12161.6416501,679.327566309,30780.703125,1080.64950313124
218,{6B7EF443-69D0-4050-A5CF-B5556D42AA3C},RESIDENTIAL SINGLE FAMILY-DETACHED PLUS DISTRICT – STEWART CREEK,R1B-SC,36948.7523024,979.811824548,93351.21875,1557.03127712822
219,{3CC8BA58-63E2-4B4D-8C23-B5A21CDEBD19},RESIDENTIAL SINGLE FAMILY-DETACHED DISTRICT,R1,24868.3657744,655.352084173,62953.5234375,1042.66824061013
220,{4EE82E45-5885-4612-960E-B75103A91F58},RESIDENTIAL SINGLE FAMILY-DETACHED DISTRICT,R1,385790.924172,5821.28110898,976667.7421875,9262.75506219131
221,{833D37FC-39EB-43E9-B88B-B96E98A2D254},CANMORE HOTEL DIRECT CONTROL DISTRICT,DC-2015-15,1224.84208866,141.337839426,3100.2265625,224.902930890655
222,{925D1863-1E89-4BE9-B042-B9FFCD2658DA},RESIDENTIAL SINGLE FAMILY-DETACHED DISTRICT,R1,14580.9981791,552.058996728,36929.4765625,878.534756518689
223,{D2F1E3B6-68E4-4A9C-BBAA-BA129198D4F6},RESIDENTIAL SINGLE FAMILY-DETACHED DISTRICT,R1,6922.58403217,363.718441443,17509.1171875,578.707775106284
224,{FFAF5203-0848-4DB5-BB2C-BABC4D7D076E},PUBLIC USE DISTRICT,PD,7170.77116674,797.357343726,18138.9375,1268.00345628808
225,{4B61DF5E-EE56-4FE1-874E-BADCAAFF823A},PUBLIC USE DISTRICT,PD,41651.0659343,960.027957126,105333.6015625,1525.99354788432
226,{386A0712-960E-47F5-A4AF-BB3DEE753112},ENVIRONMENTAL DISTRICT,ED,21979.8488514,2061.53801953,55620.7421875,3280.77483642978
227,{D656B51C-8555-4E4E-8F33-BBE3BEC49B3D},PUBLIC USE DISTRICT,PD,36269.3493112,913.48927326,91662.0546875,1452.06227780807
228,{637D14FE-2135-434F-8A93-BE6277A62D4A},PUBLIC USE DISTRICT,PD,11696.2738284,1026.28032481,29583.0390625,1632.87165165785
229,{942741C8-9C68-4131-9466-BEA952FD8D71},PAINTBRUSH RIDGE TSMV COMPREHENSIVE RESIDENTIAL DIRECT CONTROL DISTRICT,DC-05(Z)05,12179.0663437,454.601734754,30779.671875,722.511492018053
230,{EA6CC400-1E2E-475B-9582-C02C76260B20},FUTURE DEVELOPMENT DISTRICT,FD,30904.8417362,1018.93092354,78190.4765625,1621.14346772415
231,{964BA796-6494-4564-93E7-C09FAEF18747},DECOMISSIONED LANDFILL DIRECT CONTROL DISTRICT,DC-27(Z)86,34315.085383,741.316436706,86820.0546875,1179.20138312376
232,{3665564E-FADC-4E79-BA8E-C21B30E1DFA8},RESIDENTIAL COMPREHENSIVE MULTIPLE UNIT DISTRICT,R3,42843.1341284,1103.96770602,108430.328125,1756.45167833889
233,{70028625-2E60-4BC6-97DA-C2DA358CC155},RESIDENTIAL COMPREHENSIVE MULTIPLE UNIT DISTRICT,R3,50788.5828228,1392.53202201,128486.546875,2215.6527449281
234,{5C4587B7-4C3A-4452-A153-C3841BBFFC63},RESIDENTIAL COMPREHENSIVE MULTIPLE UNIT DISTRICT,R3,2853.29948799,245.928578352,7225.140625,391.178306726774
235,{AE67AB71-A2E4-417F-8376-C487F3A0972D},RESIDENTIAL FAMILY LOW DENSITY DISTRICT,R2A,36214.6963926,990.544474702,91519.28125,1573.92175178523
236,{4334A6CF-C37B-48D3-A10B-C50E1DEC602D},PUBLIC USE DISTRICT,PD,401.43426729,145.960670002,1015.4140625,232.040913982954
237,{9FEDB7B5-E652-4FB2-B668-C54C60AA6C19},PUBLIC USE DISTRICT,PD,7976.72531605,593.346477151,20187.9609375,943.395562957044
238,{6ECC312C-D184-4653-B15D-C5FA9AEA8331},GATEWAY COMMERCIAL DISTRICT WITH AUTOMOTIVE USES,GD-2,12300.3147643,617.933388305,31137.75,983.390174235215
239,{DCAE52B5-981C-4024-9F50-C633F79EF340},LAWRENCE GRASSI MIDDLE SCHOOL DIRECT CONTROL DISTRICT,DC,17766.5961029,753.782380572,44962.8125,1198.82200594928
240,{0FAE4C07-119A-4768-928E-C6D1F53CCAD0},PUBLIC USE DISTRICT,PD,24094.9846697,903.379352132,60987.578125,1436.99126739704
241,{17E604E7-892B-4123-A072-C70547D2A18B},CONSERVATION OF WILDLANDS DISTRICT,CW,48287772.3813,113671.036722,122069633.929688,180745.603092036
242,{C8672F7D-47AF-49FC-949F-C72E96E6CA6F},OLD DAYCARE LANDS DIRECT CONTROL DISTRICT,DC-2016-32,13904.453052,644.047235672,35200.71875,1024.42947291345
243,{F1C9CD57-D1AD-4D00-9251-C775E44B1BC5},VISITOR INFORMATION CENTRE DISTRICT,VIC,220462.531056,2155.08251165,558424.90625,3430.86793965678
244,{B5179233-2A7F-446A-B859-C81BD2BF22DE},PUBLIC USE DISTRICT,PD,1737.18699863,199.87439731,4390.8515625,317.838863112634
245,{9A0A411C-664D-49F2-B18D-C8D90561122B},RESIDENTIAL FAMILY TWO-UNIT DISTRICT,R2,49832.5754816,919.017439086,126199.28125,1462.75357471259
246,{A71C2581-4D9B-4179-9509-C909B3ED4F07},PUBLIC USE DISTRICT,PD,3207.93492222,890.855852889,8116.78125,1416.38923543235
247,{16DF30A6-6321-4015-9DAD-CA78FDB838B8},RESIDENTIAL FAMILY LOW DENSITY DISTRICT,R2A,29777.584739,756.598560343,75270.9765625,1203.42865449621
248,{4679199F-4320-4BFC-A4A5-CC703A79989D},RESIDENTIAL SINGLE FAMILY-DETACHED PLUS DISTRICT,R1B,418.420417288,85.8436184851,1057.4609375,136.457492583323
249,{F54A8DED-47D4-4B32-B28D-CD3D147D3CD3},THREE SISTERS RESORTS DIRECT CONTROL DISTRICT SITE 8,DC-1(Z)98 Site 8,115403.97555,1342.40184638,291516.21875,2134.06273143394
250,{826422D5-7D3E-4092-84A7-CD96B9AC4BCA},RESIDENTIAL SINGLE FAMILY-DETACHED DISTRICT,R1,38384.326782,1176.72744953,97180.484375,1873.47597405781
251,{141ABB90-AE4E-46A7-8AFD-CEB58D4D25B5},BOW VALLEY TRAIL GENERAL DISTRICT,BVT-G,300041.803022,3353.23938271,759312.25,5335.02552835217
252,{624828A5-BE92-4554-8161-CF5597CB78C6},RESIDENTIAL FAMILY TWO-UNIT DISTRICT,R2,34635.3699566,1623.04247128,87659.0859375,2584.00541928526
253,{A45D4E8E-D6BC-4E1A-AF55-CF8B8A37FC3B},RESIDENTIAL COMPREHENSIVE MULTIPLE UNIT DISTRICT,R3,34467.532395,803.393668783,87140.2421875,1277.0417915838
254,{C0EF4295-D99E-4373-80ED-D291C098054D},PUBLIC USE DISTRICT,PD,69301.0057661,1506.15828805,175347.4453125,2394.52629937296
255,{920B43E1-E6C5-48A3-9DF8-D2CAA4029ECC},RESIDENTIAL COMPREHENSIVE MULTI UNIT STEWART CREEK DISTRICT,R3-SC1,29044.1360366,772.104305487,73394.34375,1227.00576325499
256,{B0CF03A3-8DAC-4267-9455-D2EE18F93524},RESIDENTIAL FAMILY TWO-UNIT DISTRICT,R2,46783.9991937,1245.60149736,118397.4375,1981.93063037413
257,{0E233359-41C7-4CA0-A82A-D36F2D725000},ARMSTRONG PLACE COMPREHENSIVE SINGLE FAMILY RESIDENTIAL DIRECT CONTROL DISTRICT,DC-28(Z)2004,15040.8774553,606.646694454,38007.5390625,964.444505109169
258,{55B7F2EC-5696-4274-9FA9-D37EF2720148},RESIDENTIAL COMPREHENSIVE MULTIPLE UNIT DISTRICT,R3,14938.1596463,561.729249392,37813.0078125,893.637551713775
259,{2D8B1C1E-11DF-463B-803E-D507AD01548E},MANUFACTURED HOME FAMILY RESIDENTIAL DISTRICT,MHR,97711.2268781,1667.80535787,247211.171875,2652.59734362413
260,{FCE174C4-E53F-4AAE-A3E5-D59AF6DA7FFC},RESIDENTIAL SINGLE FAMILY-DETACHED DISTRICT,R1,2054.12739207,220.474895008,5199.3984375,350.896875293738
261,{127131A8-5C76-4992-ADF7-D609E3C6003B},RESIDENTIAL SINGLE FAMILY-DETACHED PLUS DISTRICT,R1B,3104.05179072,234.402265447,7850.4765625,372.813925677639
262,{E7C98BB8-6489-4CF5-A848-DAC12E8224AA},RESIDENTIAL COMPREHENSIVE MULTIPLE UNIT STEWART CREEK DISTRICT,R3-SC,17649.6520211,602.200758476,44595.8515625,957.125449555434
263,{9405629E-78E7-454E-991F-DAEE778CA62C},RESIDENTIAL FAMILY LOW DENSITY DISTRICT,R2A,37646.8861177,1021.82526229,95150.1171875,1624.9484504279
264,{3B2A1A6D-C3D5-4F0B-8988-DB637A347DFC},SILVERTIP VILLAGE CORE DIRECT CONTROL DISTRICT,DC-37(Z)2007,295001.702275,2663.46999346,747141.0625,4240.33312952401
265,{0A97DA86-C07D-4D91-97BC-DBBAD3D6F606},RESIDENTIAL MEDIUM DENSITY DISTRICT,R4,127680.60879,2562.33402111,323128.6015625,4075.83816799791
266,{7DE8FA4E-FE3A-4B89-8E11-DE905A9F2FD2},PUBLIC USE DISTRICT,PD,4707.58247458,260.539620203,11913.8671875,414.489316820735
267,{02F975BD-15D2-4110-BD88-DF236991F75C},RESIDENTIAL SINGLE FAMILY-DETACHED DISTRICT,R1,60563.9415941,1580.79677311,153202.8359375,2514.67715285294
268,{CB8B4F8D-FB60-4833-A9B7-E0AB154221C9},PUBLIC USE DISTRICT,PD,3771.1063171,310.14458351,9543.171875,493.762202299251
269,{5C586243-D85F-41D9-9317-E105863BF028},SILVERTIP COMPREHENSIVE RESIDENTIAL DISTRICT,STR-2,90158.2600953,1670.13868726,228297.2578125,2657.05702101487
270,{CEA84B85-EF4F-40B6-987A-E11FB3B30216},RESIDENTIAL COMPREHENSIVE MULTIPLE UNIT DISTRICT,R3,4026.97874147,282.492112245,10191.46875,449.475643414688
271,{615CC8F4-9F28-460F-8652-E13BBCF8EA5A},PUBLIC USE DISTRICT,PD,10040.2135645,888.79746099,25378.1875,1412.80345885974
272,{64021860-D3A0-40E2-A5EE-E4730DC5A8A7},RESIDENTIAL SINGLE FAMILY-DETACHED DISTRICT,R1A,170405.250529,2244.88539975,431199.40625,3571.52192205228
273,{E186F332-86CB-47C7-8E1A-E4D6B49E5AF8},RESIDENTIAL COMPREHENSIVE MULTIPLE UNIT DISTRICT,R3,25032.4554102,841.391405238,63340.46875,1339.09697832798
274,{24B6FC79-D85A-4708-891F-E6509770C150},MANUFACTURED HOME FAMILY RESIDENTIAL DISTRICT,MHR,65657.2865213,1538.06663111,166252.75,2447.2420480436
275,{7828CF90-67E0-49C0-9884-E7D31115A135},RESIDENTIAL SINGLE FAMILY-DETACHED DISTRICT,R1,19999.2584096,732.617998078,50614.6171875,1165.38957756709
276,{FF3C2C1D-7D20-4A29-91DB-EA834063A9E8},TRINITY BIBLE CHURCH DIRECT CONTROL DISTRICT,DC,8022.64164704,362.850549857,20326.5546875,577.54794378223
277,{642557C2-5099-4B72-ADDB-EE669627A54A},GENERAL INDUSTRIAL DISTRICT,IND 2,172146.370054,1934.91670091,435503.6015625,3077.42887402683
278,{A9A2FF47-7E4F-4DA4-B5C9-EF41556E21BF},RESIDENTIAL COMPREHENSIVE MULTIPLE UNIT DISTRICT,R3,59192.8606396,1086.4547369,149893.9609375,1728.31044017057
279,{D167E2D3-2AD3-4F4A-9E4B-EF89AFE530F9},PUBLIC USE DISTRICT,PD,6902.95088403,539.502233671,17469.265625,858.623689294041
280,{C1766A7B-344F-4FA2-9882-F0FE3691FA63},ENVIRONMENTAL DISTRICT,ED,5363.99726929,391.435881847,13578.8203125,623.169248939561
281,{B257A7D4-D031-4801-BE7A-F1A57C2D9489},PEAKS OF GRASSI SMALL LOT DIRECT CONTROL DISTRICT,DC-13-96,82024.1603683,1484.63730494,207430.7109375,2359.5002781181
282,{C94C8271-D3EE-431B-92A8-F1B85E7FFD47},RESIDENTIAL COMPREHENSIVE MULTIPLE UNIT DISTRICT,R3,23458.5071011,829.168026833,59412.2109375,1319.3401372487
283,{7699F90F-A4B2-4184-9F67-F32FCC894CE2},RESIDENTIAL MEDIUM DENSITY DISTRICT,R4,2435.03202468,199.443239309,6163.140625,317.239732701046
284,{8B565357-6A2F-4A0E-BBC7-F364176DF750},RESIDENTIAL SINGLE FAMILY-DETACHED DISTRICT,R1,14626.9419863,605.349297783,37021.0625,963.214589612676
285,{89517E03-31DB-4558-B06E-F3A6F034673C},PUBLIC USE DISTRICT,PD,7740.00302155,1172.34272657,19578.21875,1864.89400636216
286,{7E9F3D44-4703-4D37-9D51-F45AF782A576},RESIDENTIAL MEDIUM DENSITY DISTRICT,R4,20114.6655408,828.880850307,50864.984375,1317.12214143387
287,{3413A218-119F-4704-A973-F50134525DD4},RESIDENTIAL FAMILY TWO-UNIT DISTRICT,R2,36422.2546328,1149.67350134,92122.3515625,1827.77244258319
288,{E6D02B22-83B2-47BC-8D04-F6DE4D5394F1},TEEPEE TOWN COMPREHENSIVE REDEVELOPMENT DISTRICT,TPT-CR,91700.4357676,1535.95970344,232162.1015625,2444.95696848661
289,{37F12A25-EA6D-4E89-9ADF-F6E0D2C3DECC},RESIDENTIAL COMPREHENSIVE MULTIPLE UNIT DISTRICT,R3,13427.7526103,482.653641138,33973.109375,768.00169624501
290,{6F6129EC-658F-4321-A788-F744BA916C96},RUNDLE CRESCENT TOWNHOUSES DIRECT CONTROL DISTRICT,DC-3(Z)93,11280.6237728,442.793753963,28547.71875,704.594716906638
291,{5D39E87B-70DC-4333-8CA4-F851624CE65A},MALLARD ALLEY GUEST HOUSE DIRECT CONTROL DISTRICT,DC-23(Z)2001,675.562613417,127.39682122,1710.046875,202.724661525661
292,{B5D6A2BA-35B6-4758-BFDC-FAF80F3831C4},PUBLIC USE DISTRICT,PD,4016.80677882,435.006048179,10153.34375,691.304880195085
293,{42894E85-4CBC-4069-A479-FBFA6D88EF80},RESIDENTIAL COMPREHENSIVE MULTIPLE UNIT STEWART CREEK DISTRICT,R3-SC,31993.2437955,878.143800178,80841.2421875,1396.08655869775
294,{7A334421-9478-44BC-840D-FC48956A8802},EMPLOYEE HOUSING DISTRICT,EHD,12475.1707796,545.462652829,31568.0625,868.318601853354
295,{518A0048-8BE6-4357-900D-FD38BB9B88D1},RESIDENTIAL COMPREHENSIVE MULTIPLE UNIT DISTRICT,R3,19600.3311178,594.47163593,49536.7890625,945.068186914754
296,{FC6A31D2-2135-41F0-A617-FE0B98A3C5C3},WOODSIDE LANE RESIDENTIAL SINGLE FAMILY DETACHED PLUS DIRECT CONTROL DISTRICT,DC-31(Z)2006,11039.596585,436.25088165,27953.9609375,693.966700481395
297,{0B0D6E46-4AEF-4729-85A9-FE26264AF081},PUBLIC USE DISTRICT,PD,468.056721579,92.4009848641,1184.4375,146.921539914373
298,{399CF592-1996-4F87-82DC-FE32D058E56B},TOWN CENTRE DISTRICT,TC,44759.6630189,1085.71339198,113297.484375,1725.84984873775
299,{7F3A5F11-78F4-4195-A63B-FFA0E90C80A0},SPRING CREEK MOUNTAIN VILLAGE VISITOR ACCOMODATION DIRECT CONTROL DISTRICT,DC-SCMV-C,15603.6853882,649.0791427,39490.53125,1032.38983246492
300,{A8B8707B-360A-4D5B-B1DD-FFC3B4434DCD},THREE SISTERS MIXED USE DISTRICT,TS-MU,12607.2352934,490.533516471,31864.7421875,780.112377201127
